,Normal Variables,X̄ ± SD,X̄ ± SD Non-otos.,X̄ ± SD Otosclerosis,T-test t stat,T-test p-value,FDR corrected p-value
0,Sensorineural_impairment_dB_2000Hz,39.41 ± 14.65,28.33 ± 23.63,40.10 ± 14.01,0.8534969658542415,0.47997772824203583,0.6633654451647004
1,Sensorineural_impairment_dB_3000Hz,37.56 ± 16.28,26.67 ± 22.55,38.42 ± 15.77,0.8860413908966868,0.46313971687254757,0.6492819954241935
2,Sensorineural_impairment_dB_4000Hz,31.84 ± 18.73,26.67 ± 29.30,32.17 ± 18.30,0.321264994183992,0.7772004378440123,0.8719815628290553
3,Conductive_impairment_dB_4000Hz,57.84 ± 22.34,51.67 ± 38.84,58.23 ± 21.55,0.28989640288218216,0.798280623861641,0.8859705408767455
4,R_STAPES_original_shape_MajorAxisLength,4.23 ± 0.99,4.60 ± 0.92,3.86 ± 0.93,-3.76344405894651,0.00030374410759846795,0.005567733140128304
5,R_STAPES_original_firstorder_90Percentile,793.18 ± 446.86,742.88 ± 448.43,844.63 ± 444.45,1.074968369140048,0.28536169622035684,0.5129507790954881
6,R_STAPES_original_firstorder_Mean,295.73 ± 310.35,251.09 ± 332.39,341.38 ± 282.57,1.3817019480334125,0.17066880508710075,0.39687269754381366
7,R_STAPES_original_firstorder_Median,219.78 ± 351.77,177.04 ± 366.92,263.48 ± 334.09,1.1624412078084299,0.24825101995988355,0.47232174576783037
8,R_STAPES_squareroot_firstorder_MeanAbsoluteDeviation,768.03 ± 351.90,754.35 ± 371.77,782.02 ± 334.08,0.3695030714214755,0.7126569457984315,0.8458594234754532
9,R_STAPES_gradient_firstorder_90Percentile,1248.33 ± 324.70,1226.23 ± 312.94,1270.94 ± 338.42,0.6467012300580319,0.5195450987317827,0.7047533052241312
10,R_STAPES_gradient_firstorder_MeanAbsoluteDeviation,330.88 ± 152.38,325.12 ± 145.86,336.78 ± 160.26,0.35887505679598464,0.7205698053540985,0.8458594234754532
11,R_STAPES_gradient_firstorder_Range,930.77 ± 435.86,927.62 ± 410.46,933.99 ± 465.16,0.06850096193071974,0.9455474398523986,0.9626237643922281
12,R_STAPES_gradient_firstorder_Skewness,0.05 ± 0.56,0.14 ± 0.60,-0.04 ± 0.49,-1.5800158779693139,0.11785387273338906,0.3231186662929028
13,R_STAPES_log-sigma-1-0-mm-3D_firstorder_10Percentile,-2.09 ± 175.84,26.33 ± 191.25,-31.16 ± 155.36,-1.5580265639325621,0.12297820699453108,0.32461814999457306
14,R_STAPES_log-sigma-1-0-mm-3D_firstorder_MeanAbsoluteDeviation,162.34 ± 77.27,155.91 ± 75.54,168.91 ± 79.34,0.7913877825658308,0.43088108185606944,0.6416971987619664
15,R_STAPES_log-sigma-1-0-mm-3D_firstorder_Skewness,-0.17 ± 0.47,-0.16 ± 0.50,-0.18 ± 0.45,-0.23506105730959262,0.8147179544904085,0.8928535391544974
16,R_STAPES_log-sigma-1-0-mm-3D_glcm_JointAverage,28.95 ± 13.66,30.97 ± 13.81,26.83 ± 13.36,-1.3480335747123757,0.18165336770925036,0.4008686214619836
17,R_STAPES_log-sigma-2-0-mm-3D_firstorder_10Percentile,249.44 ± 144.53,243.91 ± 153.22,255.09 ± 136.62,0.36335629144652043,0.7172275414749222,0.8458594234754532
18,R_STAPES_log-sigma-2-0-mm-3D_firstorder_InterquartileRange,204.62 ± 110.55,236.58 ± 116.21,171.95 ± 95.03,-2.8749617746135883,0.005113104440045779,0.04161498891481703
19,R_STAPES_log-sigma-2-0-mm-3D_firstorder_MeanAbsoluteDeviation,161.52 ± 67.93,182.59 ± 65.77,139.97 ± 63.85,-3.102347592137641,0.00258903221817409,0.02528621466416695
20,R_STAPES_log-sigma-2-0-mm-3D_firstorder_Mean,427.54 ± 125.36,449.44 ± 139.47,405.14 ± 106.04,-1.6893442680004582,0.09494990572316174,0.2754487364048157
21,R_STAPES_log-sigma-2-0-mm-3D_firstorder_Range,476.36 ± 217.66,543.52 ± 202.69,407.68 ± 213.00,-3.0808403929628594,0.0027673259931652564,0.026155694064432907
22,R_STAPES_log-sigma-2-0-mm-3D_firstorder_Skewness,0.22 ± 0.52,0.15 ± 0.55,0.29 ± 0.48,1.2163716488250416,0.22718075305757887,0.4446181308323251
23,R_STAPES_log-sigma-3-0-mm-3D_firstorder_10Percentile,175.50 ± 158.63,169.61 ± 178.58,181.52 ± 137.07,0.3535088947474198,0.7246099498032039,0.8458594234754532
24,R_STAPES_log-sigma-3-0-mm-3D_firstorder_InterquartileRange,247.74 ± 137.09,291.81 ± 140.10,202.68 ± 119.43,-3.232375735538648,0.001745059840893595,0.01763112184075253
25,R_STAPES_log-sigma-3-0-mm-3D_firstorder_Mean,371.78 ± 173.86,396.28 ± 198.06,346.73 ± 143.01,-1.3551320556838056,0.17918373853411756,0.4008686214619836
26,R_STAPES_log-sigma-3-0-mm-3D_firstorder_Skewness,0.28 ± 0.51,0.30 ± 0.53,0.27 ± 0.49,-0.22074015795935684,0.8258133416753201,0.8928535391544974
27,R_STAPES_log-sigma-4-0-mm-3D_firstorder_Skewness,0.15 ± 0.48,0.19 ± 0.51,0.12 ± 0.46,-0.674002807623022,0.5021114668962685,0.6842728362818915
28,R_STAPES_wavelet-LLH_firstorder_10Percentile,-193.48 ± 552.54,-323.13 ± 458.09,-60.88 ± 611.96,2.284805026319511,0.024984911390563025,0.12485514702077159
29,R_STAPES_wavelet-LLH_firstorder_90Percentile,1047.07 ± 504.88,996.77 ± 441.70,1098.50 ± 562.74,0.9473214281193795,0.34627526013685395,0.5699924225848213
30,R_STAPES_wavelet-LLH_firstorder_MeanAbsoluteDeviation,561.46 ± 275.31,584.99 ± 241.49,537.41 ± 307.03,-0.81137388374185,0.41951190889337964,0.6382670468988174
31,R_STAPES_wavelet-LLH_firstorder_Skewness,-0.02 ± 0.48,-0.06 ± 0.51,0.03 ± 0.45,0.8095439410212418,0.4204284643394941,0.6382670468988174
32,R_STAPES_wavelet-LHL_firstorder_10Percentile,-219.01 ± 397.31,-196.10 ± 373.79,-242.45 ± 423.05,-0.5472517162485542,0.5856366114149759,0.7636029735394947
33,R_STAPES_wavelet-LHL_firstorder_Energy,7008415.01 ± 3586119.79,7597503.65 ± 3257900.14,6405937.99 ± 3837098.79,-1.5775951196160602,0.11841148679062764,0.3231186662929028
34,R_STAPES_wavelet-LHL_firstorder_Skewness,-0.02 ± 0.49,-0.01 ± 0.46,-0.02 ± 0.52,-0.06768241050096248,0.9461967376961149,0.9626237643922281
35,R_STAPES_wavelet-LHH_firstorder_10Percentile,-323.44 ± 298.79,-313.64 ± 245.94,-333.46 ± 347.28,-0.31008775126664095,0.7573282865577691,0.8634131827292854
36,R_STAPES_wavelet-LHH_firstorder_Skewness,-0.03 ± 0.52,0.02 ± 0.55,-0.08 ± 0.50,-0.8889262375022898,0.37650690100468975,0.6061347362328247
37,R_STAPES_wavelet-HLL_firstorder_Mean,427.51 ± 484.34,439.20 ± 495.14,415.56 ± 478.47,-0.2290218995946749,0.8193894837236347,0.8928535391544974
38,R_STAPES_wavelet-HLL_firstorder_Skewness,-0.13 ± 0.57,-0.21 ± 0.59,-0.05 ± 0.55,1.3092525301010411,0.19390121644780298,0.4116888146319295
39,R_STAPES_wavelet-HLH_firstorder_10Percentile,-280.63 ± 337.71,-288.89 ± 307.36,-272.18 ± 369.58,0.2315780642682591,0.8174322827116723,0.8928535391544974
40,R_STAPES_wavelet-HLH_firstorder_90Percentile,465.41 ± 379.01,435.94 ± 381.62,495.55 ± 378.30,0.7400084373584992,0.46128755935091637,0.6492819954241935
41,R_STAPES_wavelet-HLH_firstorder_Mean,95.62 ± 290.39,74.88 ± 282.45,116.83 ± 300.05,0.6788516439819109,0.499046194334535,0.683273527757097
42,R_STAPES_wavelet-HLH_firstorder_Skewness,-0.04 ± 0.54,0.02 ± 0.53,-0.10 ± 0.54,-1.0399255964882974,0.3012594539602913,0.5254108333950319
43,R_STAPES_wavelet-HHL_firstorder_10Percentile,-434.34 ± 309.23,-465.26 ± 325.67,-402.71 ± 291.78,0.9548083629940545,0.34234004022041864,0.5666984846586591
44,R_STAPES_wavelet-HHL_firstorder_Range,1151.20 ± 569.87,1237.17 ± 557.59,1063.29 ± 575.17,-1.4475959812284922,0.15133443951799697,0.3716994062636233
45,R_STAPES_wavelet-HHL_firstorder_Skewness,0.06 ± 0.48,0.10 ± 0.52,0.02 ± 0.43,-0.7516008780485832,0.4543737642170783,0.6492819954241935
46,R_STAPES_wavelet-HHH_firstorder_10Percentile,-374.17 ± 353.10,-405.48 ± 333.29,-342.16 ± 373.39,0.8432799615781236,0.40142693648821803,0.6323553354357413
47,R_STAPES_wavelet-HHH_firstorder_90Percentile,358.11 ± 302.15,323.14 ± 307.16,393.87 ± 296.16,1.1059427031030802,0.27180074735440163,0.5008655281436458
48,R_STAPES_wavelet-HHH_firstorder_Mean,-3.65 ± 244.72,-34.97 ± 249.52,28.37 ± 238.27,1.224908996294954,0.22391745179784642,0.4446181308323251
49,R_STAPES_wavelet-HHH_firstorder_Skewness,-0.02 ± 0.53,-0.02 ± 0.58,-0.02 ± 0.49,-0.0022083311024383837,0.9982431509096057,0.9982431509096057
50,R_STAPES_wavelet-LLL_firstorder_MeanAbsoluteDeviation,929.67 ± 382.73,963.42 ± 362.00,895.15 ± 404.08,-0.8388588577910379,0.4038875414554063,0.6328291424942998
51,R_STAPES_wavelet-LLL_firstorder_Mean,-100.80 ± 605.21,-250.17 ± 628.24,51.97 ± 546.34,2.4226126299408524,0.01751196671950478,0.09867319709259423
52,R_STAPES_lbp-3D-m1_firstorder_InterquartileRange,4.78 ± 2.81,4.91 ± 2.88,4.64 ± 2.76,-0.45469876790355357,0.6504589453218064,0.8075613177088529
53,R_STAPES_lbp-3D-m1_firstorder_MeanAbsoluteDeviation,3.60 ± 1.70,3.61 ± 1.73,3.58 ± 1.69,-0.07077537586037841,0.9437389709115351,0.9626237643922281
54,R_STAPES_lbp-3D-m1_firstorder_Skewness,0.07 ± 0.52,0.12 ± 0.52,0.02 ± 0.52,-0.9224782655760294,0.35883152639264837,0.5852419136324871
55,R_STAPES_lbp-3D-m1_glcm_JointAverage,6.42 ± 2.84,6.31 ± 2.97,6.54 ± 2.73,0.3601712221541253,0.7197191769332691,0.8458594234754532
56,R_STAPES_lbp-3D-m2_firstorder_InterquartileRange,4.24 ± 2.24,4.34 ± 2.21,4.14 ± 2.29,-0.4170632946691351,0.6776627501317436,0.82388043895685
57,R_STAPES_lbp-3D-m2_firstorder_MeanAbsoluteDeviation,3.20 ± 1.32,3.30 ± 1.35,3.10 ± 1.29,-0.7332011839739516,0.46540751268108616,0.6493542915026583
58,R_STAPES_lbp-3D-m2_firstorder_Skewness,0.02 ± 0.55,0.07 ± 0.58,-0.02 ± 0.51,-0.7602006927844585,0.4492115152178222,0.6492819954241935
59,R_STAPES_lbp-3D-k_firstorder_Skewness,0.26 ± 0.56,0.25 ± 0.56,0.27 ± 0.57,0.15108816276161657,0.8802565029771587,0.9277523574543436
60,R_STAPES_lbp-3D-k_glrlm_ShortRunLowGrayLevelEmphasis,0.53 ± 0.18,0.53 ± 0.14,0.53 ± 0.21,-0.13117059845464862,0.8960262102135339,0.940988098898084
61,R_AF_original_shape_MajorAxisLength,5.00 ± 0.60,4.90 ± 0.64,5.11 ± 0.55,1.7104110037885925,0.09041875550740767,0.2676029834714187
62,R_AF_original_shape_Maximum3DDiameter,5.75 ± 0.82,5.68 ± 0.88,5.83 ± 0.75,0.9206642208122688,0.3595342814124495,0.5852419136324871
63,R_AF_original_shape_MinorAxisLength,3.56 ± 0.50,3.57 ± 0.50,3.55 ± 0.51,-0.2146628026961528,0.8304827772024207,0.8946009327952547
64,R_AF_original_firstorder_90Percentile,2087.87 ± 142.71,2115.43 ± 154.30,2058.58 ± 124.23,-2.024640407824613,0.045718118251206724,0.17625537694215226
65,R_AF_original_firstorder_Energy,177656797.87 ± 48813462.08,176795588.04 ± 51662044.52,178571833.31 ± 46122764.47,0.18067511754118867,0.8570005630852189,0.9130951453962514
66,R_AF_original_firstorder_Entropy,4.12 ± 0.35,4.03 ± 0.37,4.21 ± 0.32,2.5382226993282213,0.012742705336003133,0.07619617680507997
67,R_AF_original_firstorder_InterquartileRange,604.07 ± 220.58,521.59 ± 198.12,691.70 ± 210.89,4.1302630147042905,7.76217669417991e-05,0.0023335131118960304
68,R_AF_original_firstorder_Maximum,2308.23 ± 152.37,2322.63 ± 157.86,2292.94 ± 146.40,-0.9708728802780298,0.3340268055377934,0.5592563087004198
69,R_AF_original_firstorder_MeanAbsoluteDeviation,377.68 ± 95.67,348.42 ± 97.24,408.76 ± 84.33,3.303611982360867,0.0013405359217319446,0.01510680865644076
70,R_AF_original_firstorder_Mean,1588.71 ± 210.71,1670.18 ± 196.39,1502.14 ± 191.54,-4.309304083227995,3.9337110117787684e-05,0.0017429796649000334
71,R_AF_original_firstorder_Minimum,509.51 ± 409.30,580.71 ± 437.15,433.85 ± 366.98,-1.8141277106082958,0.07278889289361638,0.23716105425840978
72,R_AF_original_firstorder_Skewness,-0.66 ± 0.51,-0.85 ± 0.44,-0.46 ± 0.51,4.060134871731655,0.00010195333341095037,0.002715666062673496
73,R_AF_original_glcm_Contrast,328.35 ± 145.63,308.30 ± 157.98,349.66 ± 129.51,1.4282823444314674,0.15648178855179662,0.37581282004652794
74,R_AF_original_glrlm_GrayLevelNonUniformity,1.56 ± 0.24,1.54 ± 0.22,1.58 ± 0.26,0.8111113532646332,0.4193784554186265,0.6382670468988174
75,R_AF_square_firstorder_Entropy,4.14 ± 0.34,4.09 ± 0.37,4.20 ± 0.30,1.7448464616399144,0.08424036209578213,0.25445800096973364
76,R_AF_square_firstorder_Range,1925.42 ± 332.61,1894.42 ± 358.24,1958.37 ± 303.32,0.9604711623901688,0.33923218587592485,0.5647444912593521
77,R_AF_square_glcm_Autocorrelation,668.92 ± 275.91,744.31 ± 280.40,588.83 ± 249.75,-2.916927132248933,0.0043947919964046666,0.03787276632195786
78,R_AF_square_glcm_Contrast,351.82 ± 133.85,340.06 ± 141.50,364.32 ± 125.49,0.9037535311149199,0.36837278576724763,0.5963161670154893
79,R_AF_square_glcm_DifferenceVariance,110.34 ± 45.23,104.73 ± 48.65,116.29 ± 40.96,1.2818058980259592,0.2030029391928433,0.42627074640571544
80,R_AF_square_ngtdm_Strength,52.50 ± 12.19,49.89 ± 11.42,55.28 ± 12.47,2.23931652921638,0.02747081995842212,0.13162073177591999
81,R_AF_squareroot_firstorder_90Percentile,2311.03 ± 97.35,2336.83 ± 98.26,2283.61 ± 89.42,-2.8211873355028088,0.005804652567599232,0.04596657303531284
82,R_AF_squareroot_firstorder_Maximum,2430.55 ± 110.26,2449.48 ± 111.97,2410.45 ± 105.89,-1.7826229122275314,0.07777628759101438,0.2424303432358214
83,R_AF_squareroot_glszm_SizeZoneNonUniformity,17.08 ± 5.82,16.27 ± 6.13,17.95 ± 5.40,1.4430859564996574,0.15223183874278087,0.3716994062636233
84,R_AF_logarithm_firstorder_10Percentile,2220.44 ± 150.23,2279.52 ± 132.99,2157.66 ± 142.93,-4.384496559293985,2.9939466640205967e-05,0.0017429796649000334
85,R_AF_logarithm_firstorder_Mean,2365.15 ± 131.32,2404.64 ± 134.85,2323.20 ± 114.55,-3.244753231448487,0.0016183486378810335,0.01693486253211224
86,R_AF_logarithm_glszm_SizeZoneNonUniformity,15.35 ± 5.36,14.04 ± 5.49,16.74 ± 4.91,2.5872286754252234,0.011162914522003468,0.07268297677660035
87,R_AF_exponential_glcm_DifferenceEntropy,2.63 ± 0.50,2.55 ± 0.51,2.71 ± 0.48,1.5383830923073771,0.12721131130751342,0.33279387690269135
88,R_AF_exponential_glszm_SizeZoneNonUniformity,14.10 ± 5.10,14.49 ± 5.05,13.68 ± 5.17,-0.7900344238946639,0.4314482872222095,0.6416971987619664
89,R_AF_gradient_firstorder_90Percentile,1459.86 ± 187.04,1530.19 ± 159.84,1385.13 ± 186.26,-4.146584880290766,7.458256155581836e-05,0.0023335131118960304
90,R_AF_gradient_firstorder_Entropy,4.16 ± 0.33,4.13 ± 0.33,4.20 ± 0.32,0.9716915903476472,0.33362574160490566,0.5592563087004198
91,R_AF_gradient_firstorder_InterquartileRange,493.19 ± 135.76,513.85 ± 128.68,471.23 ± 140.92,-1.5681938646764477,0.12016720152577792,0.3231186662929028
92,R_AF_gradient_firstorder_Maximum,1782.09 ± 244.89,1843.10 ± 237.93,1717.26 ± 237.68,-2.631543576565137,0.009894086268755516,0.06588561992603105
93,R_AF_gradient_firstorder_MeanAbsoluteDeviation,308.23 ± 61.13,323.54 ± 55.69,291.95 ± 62.99,-2.6372661897682503,0.00978251057286302,0.06588561992603105
94,R_AF_gradient_firstorder_Mean,993.82 ± 106.42,1037.02 ± 83.86,947.92 ± 109.34,-4.5295973090747434,1.8466170270990503e-05,0.0017204427941188826
95,R_AF_gradient_firstorder_Median,1002.43 ± 129.67,1054.04 ± 114.66,947.60 ± 122.95,-4.447648082501333,2.3487273639848228e-05,0.0017204427941188826
96,R_AF_gradient_firstorder_Skewness,0.06 ± 0.42,0.01 ± 0.43,0.10 ± 0.42,1.081962130199966,0.281955903437332,0.5099572821428289
97,R_AF_gradient_glcm_Autocorrelation,653.30 ± 270.05,718.68 ± 262.53,583.83 ± 263.01,-2.5518245851582066,0.012284076695699368,0.07498405149666489
98,R_AF_gradient_glcm_DifferenceVariance,106.27 ± 39.29,113.94 ± 37.87,98.12 ± 39.52,-2.0316627084143435,0.04495233224014043,0.17625537694215226
99,R_AF_gradient_ngtdm_Complexity,4057.91 ± 1572.17,4234.85 ± 1389.72,3869.92 ± 1740.44,-1.148421575728749,0.25384111024327616,0.47605161068617596
100,R_AF_log-sigma-1-0-mm-3D_firstorder_90Percentile,-85.61 ± 124.11,-110.38 ± 132.02,-59.28 ± 110.45,2.0931241499140603,0.038982842494121386,0.16087285705320517
101,R_AF_log-sigma-1-0-mm-3D_firstorder_InterquartileRange,439.95 ± 128.07,453.26 ± 119.59,425.81 ± 136.35,-1.0621784957178582,0.29088804159613907,0.5134349167931852
102,R_AF_log-sigma-1-0-mm-3D_firstorder_Maximum,139.34 ± 164.08,115.77 ± 168.97,164.38 ± 156.59,1.48573722688965,0.14059229501075157,0.352220922736059
103,R_AF_log-sigma-1-0-mm-3D_firstorder_MeanAbsoluteDeviation,250.74 ± 51.80,257.37 ± 48.19,243.71 ± 55.01,-1.3110798883264427,0.19304016360711848,0.4116888146319295
104,R_AF_log-sigma-1-0-mm-3D_firstorder_Mean,-476.73 ± 105.01,-520.45 ± 95.66,-430.27 ± 94.77,4.710475901236488,8.266479905901807e-06,0.0012110393062146148
105,R_AF_log-sigma-1-0-mm-3D_firstorder_Minimum,-971.57 ± 140.61,-1017.59 ± 127.71,-922.68 ± 138.32,3.540886253012494,0.000619465649414556,0.008643020727545948
106,R_AF_log-sigma-1-0-mm-3D_firstorder_Range,1110.91 ± 210.40,1133.36 ± 219.62,1087.06 ± 199.67,-1.0984298860956971,0.27473896204314524,0.5031157242415097
107,R_AF_log-sigma-1-0-mm-3D_glcm_Contrast,540.42 ± 180.11,573.45 ± 162.76,505.33 ± 192.40,-1.8961765089785887,0.06106540269939018,0.21556822880628101
108,R_AF_log-sigma-1-0-mm-3D_ngtdm_Strength,112.28 ± 33.84,115.06 ± 34.01,109.32 ± 33.76,-0.8435285480814906,0.40101425970750104,0.6323553354357413
109,R_AF_log-sigma-2-0-mm-3D_firstorder_10Percentile,-414.68 ± 93.63,-430.81 ± 90.58,-397.54 ± 94.71,1.7841795927010682,0.07755618832291561,0.2424303432358214
110,R_AF_log-sigma-2-0-mm-3D_firstorder_90Percentile,75.14 ± 121.04,34.29 ± 118.56,118.55 ± 108.90,3.685877989737238,0.00037564616494896723,0.005792859280528811
111,R_AF_log-sigma-2-0-mm-3D_firstorder_Entropy,4.16 ± 0.34,4.11 ± 0.33,4.22 ± 0.36,1.689427873297349,0.09442287390179052,0.2754487364048157
112,R_AF_log-sigma-2-0-mm-3D_firstorder_Maximum,268.97 ± 137.98,236.64 ± 139.77,303.33 ± 128.74,2.4711959471216156,0.015210690102644335,0.08913464400149579
113,R_AF_log-sigma-2-0-mm-3D_firstorder_Mean,-189.46 ± 92.00,-218.23 ± 90.67,-158.89 ± 83.98,3.3801737364877535,0.0010450057328186078,0.013312464335471829
114,R_AF_log-sigma-2-0-mm-3D_firstorder_Skewness,0.59 ± 0.30,0.67 ± 0.30,0.51 ± 0.29,-2.6671660063110307,0.00896431152614065,0.06293578439802675
115,R_AF_log-sigma-2-0-mm-3D_glcm_Contrast,188.98 ± 45.36,182.41 ± 40.31,195.97 ± 49.65,1.4863862798259617,0.1406479452563785,0.352220922736059
116,R_AF_log-sigma-2-0-mm-3D_glcm_Correlation,0.22 ± 0.18,0.18 ± 0.18,0.26 ± 0.17,2.2818305701189807,0.02468495868119436,0.12485514702077159
117,R_AF_log-sigma-2-0-mm-3D_glcm_DifferenceVariance,42.16 ± 12.64,40.88 ± 10.70,43.52 ± 14.41,1.0283946767664698,0.30663000159636583,0.5284858262807952
118,R_AF_log-sigma-3-0-mm-3D_firstorder_10Percentile,-221.86 ± 112.29,-216.34 ± 118.11,-227.72 ± 106.69,-0.5037929847840849,0.6155510020385705,0.7872895655063455
119,R_AF_log-sigma-3-0-mm-3D_firstorder_Entropy,4.06 ± 0.31,4.00 ± 0.31,4.13 ± 0.31,2.2009811669003114,0.03012176704795041,0.14009012293729317
120,R_AF_log-sigma-3-0-mm-3D_firstorder_InterquartileRange,251.35 ± 61.32,241.56 ± 62.12,261.75 ± 59.34,1.6543016598787554,0.10129954217537486,0.2909879005625964
121,R_AF_log-sigma-3-0-mm-3D_firstorder_Maximum,313.19 ± 116.36,298.13 ± 120.90,329.18 ± 110.34,1.3359309378535948,0.18470055937668187,0.4008686214619836
122,R_AF_log-sigma-3-0-mm-3D_firstorder_Range,596.34 ± 116.76,572.84 ± 120.52,621.31 ± 108.34,2.106695559201384,0.03772983138822169,0.16087285705320517
123,R_AF_log-sigma-3-0-mm-3D_firstorder_Skewness,0.39 ± 0.31,0.39 ± 0.31,0.38 ± 0.31,-0.11911051917550683,0.9054345179443019,0.9441007607034891
124,R_AF_log-sigma-3-0-mm-3D_glcm_DifferenceVariance,15.38 ± 4.97,14.18 ± 5.32,16.65 ± 4.27,2.5566402834829534,0.012158870899743796,0.07498405149666489
125,R_AF_log-sigma-3-0-mm-3D_glrlm_GrayLevelNonUniformity,1.61 ± 0.29,1.58 ± 0.30,1.65 ± 0.28,1.257110077796229,0.21173248261081948,0.43688462961246555
126,R_AF_log-sigma-4-0-mm-3D_firstorder_10Percentile,-345.51 ± 133.69,-319.79 ± 144.31,-372.83 ± 116.77,-2.0158717874672383,0.04664058735749683,0.17747652072398143
127,R_AF_log-sigma-4-0-mm-3D_firstorder_90Percentile,170.06 ± 97.39,162.94 ± 96.13,177.62 ± 99.15,0.7469562289345827,0.4569120738091721,0.6492819954241935
128,R_AF_log-sigma-4-0-mm-3D_firstorder_Entropy,4.26 ± 0.34,4.14 ± 0.33,4.38 ± 0.31,3.72947634182577,0.0003230425371405501,0.005567733140128304
129,R_AF_log-sigma-4-0-mm-3D_firstorder_InterquartileRange,293.84 ± 65.76,273.48 ± 67.66,315.48 ± 56.73,3.3542578616388314,0.001141463341570945,0.01393536496167862
130,R_AF_log-sigma-4-0-mm-3D_firstorder_Range,732.45 ± 112.57,693.85 ± 106.54,773.46 ± 104.93,3.744804789904985,0.0003066137184800536,0.005567733140128304
131,R_AF_log-sigma-4-0-mm-3D_firstorder_Skewness,-0.27 ± 0.21,-0.27 ± 0.23,-0.28 ± 0.18,-0.34036165642795546,0.7343533421557833,0.8490095479457092
132,R_AF_log-sigma-4-0-mm-3D_glcm_Contrast,138.50 ± 25.23,137.45 ± 24.65,139.61 ± 26.05,0.4247266062103349,0.6719893167965368,0.8203869575891054
133,R_AF_log-sigma-4-0-mm-3D_glrlm_GrayLevelNonUniformity,1.39 ± 0.22,1.42 ± 0.25,1.36 ± 0.19,-1.339223950161053,0.18374300768954727,0.4008686214619836
134,R_AF_log-sigma-5-0-mm-3D_firstorder_Entropy,4.17 ± 0.31,4.10 ± 0.28,4.23 ± 0.32,2.145731956964567,0.034480961158614626,0.1551598250517574
135,R_AF_log-sigma-5-0-mm-3D_firstorder_InterquartileRange,242.73 ± 58.88,222.35 ± 56.35,264.39 ± 54.04,3.7896157386762783,0.0002620067396075705,0.005483426764644154
136,R_AF_log-sigma-5-0-mm-3D_firstorder_Range,604.59 ± 103.70,564.45 ± 90.82,647.25 ± 100.21,4.299165978656743,4.1641152403755065e-05,0.0017429796649000334
137,R_AF_log-sigma-5-0-mm-3D_glcm_Contrast,83.41 ± 16.94,79.07 ± 15.29,88.01 ± 17.54,2.697134135023703,0.008298321233867069,0.06234379798777054
138,R_AF_log-sigma-5-0-mm-3D_glcm_DifferenceEntropy,1.49 ± 0.32,1.41 ± 0.28,1.57 ± 0.34,2.4445270144589997,0.016433718410613214,0.09441332341783669
139,R_AF_log-sigma-5-0-mm-3D_glszm_SizeZoneNonUniformity,16.38 ± 4.90,15.98 ± 4.59,16.80 ± 5.22,0.8201132013120391,0.41423260294983877,0.6382670468988174
140,R_AF_wavelet-LLH_firstorder_10Percentile,-720.13 ± 179.10,-728.42 ± 171.96,-711.33 ± 187.81,0.47126714350152876,0.6385316262775032,0.8064214073246052
141,R_AF_wavelet-LLH_firstorder_Entropy,4.06 ± 0.36,4.01 ± 0.35,4.11 ± 0.36,1.3534777614538356,0.17907764106552995,0.4008686214619836
142,R_AF_wavelet-LLH_firstorder_Maximum,1166.63 ± 449.68,1210.87 ± 453.86,1119.61 ± 445.11,-1.0098393231240792,0.31508907522586826,0.5398894680770725
143,R_AF_wavelet-LLH_firstorder_Mean,-16.90 ± 133.65,-22.46 ± 141.29,-11.00 ± 126.24,0.42587735025598544,0.6711431804302862,0.8203869575891054
144,R_AF_wavelet-LLH_firstorder_Median,-11.16 ± 145.42,-36.89 ± 151.28,16.18 ± 135.16,1.8427404718322355,0.06842919049022379,0.23313666062366944
145,R_AF_wavelet-LLH_firstorder_Range,2301.28 ± 584.26,2327.54 ± 517.22,2273.38 ± 652.40,-0.45586394460426877,0.6495909495059063,0.8075613177088529
146,R_AF_wavelet-LLH_glrlm_GrayLevelNonUniformity,1.62 ± 0.25,1.56 ± 0.23,1.69 ± 0.26,2.6798725925456806,0.008702962331202768,0.06293578439802675
147,R_AF_wavelet-LLH_glszm_GrayLevelNonUniformity,1.32 ± 0.17,1.26 ± 0.15,1.37 ± 0.17,3.3171037847143974,0.001290767146589232,0.01510680865644076
148,R_AF_wavelet-LLH_ngtdm_Strength,43.26 ± 12.60,44.92 ± 11.41,41.49 ± 13.64,-1.3496362705780693,0.18044967613962734,0.4008686214619836
149,R_AF_wavelet-LHL_firstorder_10Percentile,-1060.36 ± 285.93,-1124.70 ± 293.65,-992.00 ± 263.58,2.368971596756814,0.01982340339386445,0.10757086393470004
150,R_AF_wavelet-LHL_firstorder_90Percentile,1247.66 ± 294.06,1265.72 ± 295.27,1228.47 ± 294.65,-0.6280438250237984,0.531456281195209,0.7142967449091572
151,R_AF_wavelet-LHL_firstorder_Energy,57884916.80 ± 18453028.66,55200442.17 ± 19204617.61,60737171.10 ± 17364372.69,1.5061589207840318,0.13528111047277339,0.34467274233497913
152,R_AF_wavelet-LHL_firstorder_Entropy,4.23 ± 0.35,4.17 ± 0.38,4.29 ± 0.31,1.7643538067984939,0.08088963517636413,0.249429335411627
153,R_AF_wavelet-LHL_firstorder_InterquartileRange,1408.82 ± 444.78,1487.94 ± 464.50,1324.74 ± 411.04,-1.853736228622455,0.06682719359865333,0.2303572673459462
154,R_AF_wavelet-LHL_firstorder_Maximum,1609.47 ± 325.03,1611.04 ± 329.14,1607.81 ± 324.08,-0.04916307167521805,0.9608906403524029,0.971929177920369
155,R_AF_wavelet-LHL_firstorder_Mean,177.70 ± 124.25,161.18 ± 130.61,195.25 ± 115.88,1.3744265954575756,0.17248711390143606,0.3979427115993761
156,R_AF_wavelet-LHL_firstorder_Median,268.94 ± 272.44,263.06 ± 311.51,275.19 ± 226.83,0.2223851179247044,0.8245105015515518,0.8928535391544974
157,R_AF_wavelet-LHL_firstorder_Minimum,-1666.15 ± 420.60,-1698.03 ± 447.42,-1632.27 ± 391.95,0.7790731640231958,0.4378426528909958,0.6446628004877476
158,R_AF_wavelet-LHL_firstorder_Range,3275.62 ± 634.56,3309.07 ± 697.88,3240.08 ± 564.78,-0.5421429747051265,0.5889906894878014,0.7636029735394947
159,R_AF_wavelet-LHL_firstorder_Skewness,-0.31 ± 0.31,-0.28 ± 0.28,-0.33 ± 0.34,-0.8608561175632542,0.39159158881126477,0.6235670408788074
160,R_AF_wavelet-LHL_glszm_SizeZoneNonUniformity,19.47 ± 6.04,18.84 ± 6.56,20.13 ± 5.42,1.069545762979253,0.28752171556042466,0.5134349167931852
161,R_AF_wavelet-LHL_ngtdm_Strength,72.51 ± 17.86,76.16 ± 17.93,68.63 ± 17.13,-2.1389548020659146,0.03495067731541293,0.1551598250517574
162,R_AF_wavelet-LHH_firstorder_10Percentile,-508.43 ± 140.97,-498.23 ± 154.18,-519.26 ± 126.14,-0.74452087559675,0.45839553728895455,0.6492819954241935
163,R_AF_wavelet-LHH_firstorder_Entropy,3.96 ± 0.33,3.92 ± 0.35,4.01 ± 0.31,1.4225037607988975,0.15810658909035843,0.3766278910851628
164,R_AF_wavelet-LHH_firstorder_InterquartileRange,594.34 ± 171.26,612.86 ± 197.21,574.67 ± 137.89,-1.1220311520423778,0.2648440549476502,0.49113486139026263
165,R_AF_wavelet-LHH_firstorder_MeanAbsoluteDeviation,362.87 ± 91.14,378.53 ± 103.02,346.22 ± 74.04,-1.7996653710491735,0.07523368063667185,0.23971078212522687
166,R_AF_wavelet-LHH_firstorder_Mean,26.56 ± 59.98,54.06 ± 57.64,-2.67 ± 47.69,-5.347677368817099,6.08055494826469e-07,0.0001781602599841554
167,R_AF_wavelet-LHH_firstorder_Median,14.89 ± 82.28,30.96 ± 83.06,-2.19 ± 78.72,-2.038975972594697,0.04417306408251427,0.17625537694215226
168,R_AF_wavelet-LHH_firstorder_Skewness,0.09 ± 0.44,0.19 ± 0.43,-0.01 ± 0.43,-2.3048895570332975,0.023309844554883316,0.12289451344000034
169,R_AF_wavelet-HLL_firstorder_90Percentile,1176.36 ± 289.88,1213.91 ± 297.53,1136.47 ± 279.07,-1.3362787985144173,0.18458448117691426,0.4008686214619836
170,R_AF_wavelet-HLL_firstorder_Energy,50894233.85 ± 15443080.37,49110948.45 ± 14640324.63,52788974.59 ± 16190641.45,1.1831459479926991,0.23971794807615826,0.4620878867520683
171,R_AF_wavelet-HLL_firstorder_InterquartileRange,1403.19 ± 402.09,1448.26 ± 364.44,1355.30 ± 437.35,-1.1452508891910282,0.25508567535061305,0.47605161068617596
172,R_AF_wavelet-HLL_firstorder_Maximum,1819.85 ± 438.18,1930.58 ± 409.67,1702.19 ± 440.85,-2.665853318767189,0.009021511756713731,0.06293578439802675
173,R_AF_wavelet-HLL_firstorder_MeanAbsoluteDeviation,840.91 ± 186.84,881.02 ± 166.65,798.29 ± 199.10,-2.2348495368622454,0.027851485904802183,0.13162073177591999
174,R_AF_wavelet-HLL_firstorder_Mean,-46.25 ± 130.29,-56.02 ± 143.81,-35.87 ± 114.81,0.7725360717738339,0.44172421555934127,0.6458682600178075
175,R_AF_wavelet-HLL_firstorder_Minimum,-2105.32 ± 484.93,-2131.61 ± 422.84,-2077.39 ± 546.42,0.549807020132035,0.5838368298255635,0.7636029735394947
176,R_AF_wavelet-HLL_firstorder_Range,3925.17 ± 775.91,4062.20 ± 683.46,3779.59 ± 846.37,-1.8211105541395318,0.07189843071243915,0.23716105425840978
177,R_AF_wavelet-HLL_firstorder_RootMeanSquared,1409.26 ± 168.33,1433.86 ± 170.87,1383.11 ± 163.30,-1.5111020973119742,0.13401426218679843,0.34467274233497913
178,R_AF_wavelet-HLL_firstorder_Skewness,-0.17 ± 0.35,-0.10 ± 0.34,-0.26 ± 0.36,-2.274977848786822,0.025141480116810663,0.12485514702077159
179,R_AF_wavelet-HLL_glszm_SizeZoneNonUniformity,20.66 ± 5.57,19.60 ± 6.12,21.79 ± 4.73,1.9957137910186036,0.048874372010788314,0.18359219229693557
180,R_AF_wavelet-HLL_ngtdm_Strength,81.12 ± 19.12,85.46 ± 17.24,76.51 ± 20.09,-2.370637729735161,0.019825346936770655,0.10757086393470004
181,R_AF_wavelet-HLH_firstorder_Entropy,3.97 ± 0.30,3.92 ± 0.30,4.02 ± 0.30,1.620864424632555,0.10830652574986391,0.3080952625700012
182,R_AF_wavelet-HLH_firstorder_MeanAbsoluteDeviation,372.71 ± 84.32,375.10 ± 90.76,370.17 ± 77.78,-0.29102047745757154,0.771662331247349,0.8719815628290553
183,R_AF_wavelet-HLH_firstorder_Mean,24.08 ± 70.11,22.04 ± 79.05,26.24 ± 59.95,0.29883053071314236,0.7657369349931118,0.8696159765619448
184,R_AF_wavelet-HLH_firstorder_Median,20.56 ± 105.33,16.07 ± 121.44,25.32 ± 86.01,0.4392131980437804,0.6615570733665852,0.8178743565249345
185,R_AF_wavelet-HLH_firstorder_Minimum,-875.30 ± 233.71,-886.43 ± 243.25,-863.48 ± 225.09,0.48747001904732845,0.6270254798360726,0.7953180328656679
186,R_AF_wavelet-HLH_firstorder_Range,1845.84 ± 459.22,1821.30 ± 445.46,1871.92 ± 476.73,0.5449531094189585,0.5870572778607175,0.7636029735394947
187,R_AF_wavelet-HLH_firstorder_Skewness,0.07 ± 0.46,0.03 ± 0.47,0.11 ± 0.46,0.8210864263150831,0.41361664272915544,0.6382670468988174
188,R_AF_wavelet-HLH_glszm_SizeZoneNonUniformity,17.12 ± 4.97,16.96 ± 5.33,17.30 ± 4.62,0.33812930986969003,0.7360014511201711,0.8490095479457092
189,R_AF_wavelet-HHL_firstorder_10Percentile,-737.33 ± 196.60,-770.68 ± 195.72,-701.89 ± 193.26,1.7590824200325381,0.08172428737036243,0.249429335411627
190,R_AF_wavelet-HHL_firstorder_90Percentile,773.93 ± 215.95,817.05 ± 246.00,728.11 ± 169.42,-2.1052446503070827,0.03808653477383732,0.16087285705320517
191,R_AF_wavelet-HHL_firstorder_Entropy,4.15 ± 0.30,4.08 ± 0.30,4.21 ± 0.29,2.1765473172557908,0.0319417125162352,0.14623315261338926
192,R_AF_wavelet-HHL_firstorder_InterquartileRange,813.65 ± 224.36,850.94 ± 219.12,774.04 ± 225.31,-1.7199679702810893,0.08865258992708275,0.2650531515166862
193,R_AF_wavelet-HHL_firstorder_MeanAbsoluteDeviation,500.03 ± 102.40,517.93 ± 101.54,481.00 ± 100.89,-1.8146377110300502,0.07267969928491963,0.23716105425840978
194,R_AF_wavelet-HHL_firstorder_Mean,13.64 ± 86.33,18.95 ± 90.67,7.99 ± 82.04,-0.6312696828010105,0.5293511966348671,0.7142967449091572
195,R_AF_wavelet-HHL_firstorder_Median,2.90 ± 129.51,6.99 ± 125.88,-1.45 ± 134.46,-0.32212541005244216,0.7480620489432614,0.8581533942219502
196,R_AF_wavelet-HHL_firstorder_Minimum,-1182.98 ± 309.78,-1171.78 ± 290.00,-1194.88 ± 332.18,-0.36749575596416856,0.714080452092978,0.8458594234754532
197,R_AF_wavelet-HHL_firstorder_Skewness,0.15 ± 0.36,0.14 ± 0.33,0.15 ± 0.40,0.2258486392229915,0.8218229598897325,0.8928535391544974
198,R_AF_wavelet-HHL_glszm_SizeZoneNonUniformity,19.58 ± 5.40,18.50 ± 5.44,20.73 ± 5.16,2.0843638861395655,0.039755019201445974,0.16178084202810653
199,R_AF_wavelet-HHL_ngtdm_Strength,43.51 ± 11.72,44.65 ± 11.78,42.30 ± 11.66,-0.9991655512450341,0.32020699058119373,0.5423158857820217
200,R_AF_wavelet-HHH_firstorder_10Percentile,-482.22 ± 125.61,-484.55 ± 114.79,-479.75 ± 137.37,0.18824538321670503,0.851099789966229,0.9101176586135222
201,R_AF_wavelet-HHH_firstorder_Entropy,3.94 ± 0.30,3.90 ± 0.29,3.98 ± 0.30,1.2221782228943767,0.2246336927285687,0.4446181308323251
202,R_AF_wavelet-HHH_firstorder_InterquartileRange,541.57 ± 136.72,535.51 ± 147.60,548.00 ± 125.36,0.4545997190292056,0.6504233736984678,0.8075613177088529
203,R_AF_wavelet-HHH_firstorder_MeanAbsoluteDeviation,332.32 ± 68.05,332.86 ± 70.13,331.74 ± 66.51,-0.0815713192228151,0.9351556991834469,0.9614056837219296
204,R_AF_wavelet-HHH_firstorder_Mean,8.41 ± 43.79,1.79 ± 44.75,15.45 ± 42.07,1.5657428805706661,0.1206654907777385,0.3231186662929028
205,R_AF_wavelet-HHH_firstorder_Median,10.78 ± 74.90,0.74 ± 87.08,21.46 ± 58.34,1.3982413250217143,0.16556224799856323,0.39120756986757277
206,R_AF_wavelet-HHH_firstorder_RootMeanSquared,1092.52 ± 53.06,1086.28 ± 59.71,1099.16 ± 44.63,1.2205531587636835,0.22536233302697842,0.4446181308323251
207,R_AF_wavelet-HHH_firstorder_Skewness,-0.07 ± 0.43,-0.01 ± 0.47,-0.12 ± 0.38,-1.2480160971667837,0.21509488086244075,0.43799701669661356
208,R_AF_wavelet-HHH_glszm_GrayLevelNonUniformity,1.44 ± 0.24,1.42 ± 0.21,1.46 ± 0.26,0.7965233324147091,0.4278065322204879,0.6416971987619664
209,R_AF_wavelet-LLL_firstorder_10Percentile,2109.69 ± 565.24,2301.78 ± 530.90,1905.60 ± 532.69,-3.7043476761026195,0.00035307310567917,0.005747245553555378
210,R_AF_wavelet-LLL_firstorder_InterquartileRange,1424.65 ± 347.11,1442.20 ± 298.29,1405.99 ± 394.82,-0.5124794747495361,0.6096087735007933,0.7834007484023353
211,R_AF_wavelet-LLL_firstorder_MeanAbsoluteDeviation,840.85 ± 163.66,842.17 ± 140.20,839.44 ± 186.91,-0.08182534519394984,0.9349735189095566,0.9614056837219296
212,R_AF_wavelet-LLL_firstorder_Mean,3486.05 ± 432.43,3647.99 ± 371.85,3313.98 ± 429.08,-4.128004845723478,7.964208573023994e-05,0.0023335131118960304
213,R_AF_wavelet-LLL_firstorder_Minimum,1281.99 ± 775.86,1469.25 ± 803.47,1083.02 ± 699.93,-2.5542584685784586,0.012206994376748832,0.07498405149666489
214,R_AF_wavelet-LLL_firstorder_Range,3892.87 ± 849.28,3869.98 ± 845.44,3917.19 ± 861.62,0.2749544404372631,0.7839397913269177,0.8733625812121174
215,R_AF_wavelet-LLL_firstorder_Skewness,-0.38 ± 0.31,-0.37 ± 0.31,-0.38 ± 0.31,-0.20812107505159066,0.8355726202375571,0.8967867316102719
216,R_AF_wavelet-LLL_glcm_Contrast,619.29 ± 192.83,639.42 ± 175.15,597.89 ± 209.72,-1.0659715929527036,0.28923256702916367,0.5134349167931852
217,R_AF_wavelet-LLL_glcm_Correlation,0.06 ± 0.17,0.01 ± 0.15,0.11 ± 0.18,2.945972337899536,0.004079309070055001,0.0373511736726911
218,R_AF_wavelet-LLL_glcm_DifferenceVariance,162.15 ± 57.50,166.79 ± 55.84,157.22 ± 59.39,-0.8252869290240377,0.4112641354840816,0.6382670468988174
219,R_AF_lbp-3D-m1_firstorder_90Percentile,11.92 ± 1.74,11.34 ± 1.69,12.54 ± 1.59,3.6286284522054424,0.00045687560302801324,0.006693227584360394
220,R_AF_lbp-3D-m1_firstorder_Entropy,3.40 ± 0.24,3.34 ± 0.23,3.47 ± 0.24,2.7283896212239,0.007577598992339703,0.05842727644093509
221,R_AF_lbp-3D-m1_firstorder_InterquartileRange,5.76 ± 1.48,5.29 ± 1.38,6.27 ± 1.42,3.480992202687224,0.0007526606698672299,0.010024071648686288
222,R_AF_lbp-3D-m1_firstorder_Maximum,15.67 ± 2.47,14.93 ± 2.51,16.47 ± 2.19,3.2675393555945433,0.001503470900203739,0.016315443472581317
223,R_AF_lbp-3D-m1_firstorder_MeanAbsoluteDeviation,3.42 ± 0.59,3.21 ± 0.54,3.65 ± 0.55,3.983186387608209,0.00013217588123984314,0.00322729443360617
224,R_AF_lbp-3D-m1_firstorder_Median,5.83 ± 1.18,5.80 ± 1.25,5.87 ± 1.12,0.2815984552120278,0.7788528882648079,0.8719815628290553
225,R_AF_lbp-3D-m1_firstorder_Skewness,0.49 ± 0.36,0.45 ± 0.39,0.53 ± 0.32,1.162023078556246,0.24812788797443489,0.47232174576783037
226,R_AF_lbp-3D-m1_glcm_Autocorrelation,52.37 ± 12.13,49.04 ± 11.39,55.91 ± 12.00,2.9201531762358526,0.004362138284008872,0.03787276632195786
227,R_AF_lbp-3D-m1_glcm_Contrast,35.91 ± 12.68,31.38 ± 10.87,40.73 ± 12.79,3.9094376063002048,0.00017621480855933334,0.003971610685221898
228,R_AF_lbp-3D-m1_glrlm_GrayLevelNonUniformity,2.62 ± 0.51,2.54 ± 0.46,2.71 ± 0.55,1.60235119050437,0.11250805011687363,0.31696979504080747
229,R_AF_lbp-3D-m1_glrlm_HighGrayLevelRunEmphasis,64.03 ± 14.31,60.11 ± 13.40,68.18 ± 14.20,2.9031916955752712,0.004586208226423056,0.03839311458119873
230,R_AF_lbp-3D-m1_glszm_GrayLevelNonUniformity,1.78 ± 0.33,1.79 ± 0.34,1.77 ± 0.32,-0.31982889023370065,0.7497859007536494,0.8581533942219502
231,R_AF_lbp-3D-m1_glszm_SizeZoneNonUniformity,11.59 ± 3.91,11.30 ± 4.09,11.89 ± 3.73,0.7572756167365746,0.45072232278455715,0.6492819954241935
232,R_AF_lbp-3D-m1_ngtdm_Strength,10.51 ± 2.55,10.03 ± 2.13,11.01 ± 2.86,1.913006398500183,0.0590439568745401,0.21357875758321296
233,R_AF_lbp-3D-m2_firstorder_Entropy,3.38 ± 0.23,3.34 ± 0.20,3.42 ± 0.26,1.8151193538348347,0.0728481054036071,0.23716105425840978
234,R_AF_lbp-3D-m2_firstorder_MeanAbsoluteDeviation,3.21 ± 0.50,3.11 ± 0.48,3.32 ± 0.49,2.0935944661846198,0.03892297413261792,0.16087285705320517
235,R_AF_lbp-3D-m2_firstorder_Median,6.21 ± 1.13,6.11 ± 1.22,6.31 ± 1.03,0.8761512413145953,0.3831374799539553,0.613438697412617
236,R_AF_lbp-3D-m2_firstorder_Skewness,0.34 ± 0.34,0.32 ± 0.37,0.37 ± 0.31,0.7381837135049938,0.46220865107542886,0.6492819954241935
237,R_AF_lbp-3D-m2_glcm_Autocorrelation,50.47 ± 12.88,48.69 ± 12.53,52.37 ± 13.10,1.4291052839279297,0.1562223577394499,0.37581282004652794
238,R_AF_lbp-3D-m2_glcm_Contrast,31.08 ± 9.77,28.99 ± 9.67,33.30 ± 9.48,2.2369535365843163,0.027583045985211434,0.13162073177591999
239,R_AF_lbp-3D-m2_glcm_DifferenceVariance,9.40 ± 3.26,8.80 ± 3.31,10.05 ± 3.12,1.9441501806144768,0.05477456900832002,0.20061185899297207
240,R_AF_lbp-3D-m2_glrlm_GrayLevelNonUniformity,2.64 ± 0.56,2.54 ± 0.55,2.75 ± 0.55,1.898940929922177,0.06056001945440175,0.21556822880628101
241,R_AF_lbp-3D-m2_glrlm_HighGrayLevelRunEmphasis,61.99 ± 14.29,60.26 ± 14.56,63.83 ± 13.92,1.2473824593298573,0.2152613324379261,0.43799701669661356
242,R_AF_lbp-3D-m2_glszm_GrayLevelNonUniformity,1.79 ± 0.35,1.75 ± 0.37,1.84 ± 0.34,1.210218024717678,0.22913767152109588,0.4446181308323251
243,R_AF_lbp-3D-m2_glszm_ZoneEntropy,3.68 ± 0.31,3.62 ± 0.30,3.73 ± 0.32,1.7985163416239645,0.07526754933624871,0.23971078212522687
244,R_AF_lbp-3D-m2_ngtdm_Strength,9.66 ± 2.31,9.58 ± 2.17,9.75 ± 2.47,0.3542785375424583,0.7239267304433777,0.8458594234754532
245,R_AF_lbp-3D-k_firstorder_Entropy,1.20 ± 0.22,1.20 ± 0.20,1.20 ± 0.25,0.09050386657100006,0.9280907438829786,0.9608854698152393
246,R_AF_lbp-3D-k_firstorder_InterquartileRange,0.54 ± 0.15,0.53 ± 0.16,0.56 ± 0.15,1.145754936392462,0.25471541747387627,0.47605161068617596
247,R_AF_lbp-3D-k_glcm_Autocorrelation,3.37 ± 0.52,3.29 ± 0.52,3.45 ± 0.52,1.5630626205775495,0.12130734912020241,0.3231186662929028
248,R_AF_lbp-3D-k_glcm_DifferenceEntropy,1.06 ± 0.21,1.02 ± 0.17,1.10 ± 0.25,1.8623626692380897,0.06609837106198195,0.2303572673459462
249,R_AF_lbp-3D-k_glrlm_HighGrayLevelRunEmphasis,3.61 ± 0.50,3.52 ± 0.47,3.71 ± 0.52,1.9718906434978989,0.05155242554967766,0.19120076817791842
250,R_AF_lbp-3D-k_glrlm_RunEntropy,1.86 ± 0.16,1.82 ± 0.14,1.90 ± 0.18,2.3056799433595825,0.02348837116941986,0.12289451344000034
251,R_AF_lbp-3D-k_gldm_DependenceEntropy,3.42 ± 0.37,3.36 ± 0.38,3.48 ± 0.36,1.5838145560347354,0.11649272818831724,0.3231186662929028
252,R_OW_original_firstorder_10Percentile,343.49 ± 366.92,364.22 ± 418.10,322.25 ± 309.69,-0.520561540706837,0.6041941411091303,0.7798629222245602
253,R_OW_original_firstorder_90Percentile,1248.47 ± 445.22,1312.94 ± 466.13,1182.43 ± 418.10,-1.3434635431155397,0.18290010129720602,0.4008686214619836
254,R_OW_original_firstorder_Mean,793.29 ± 338.06,837.54 ± 394.01,747.95 ± 266.46,-1.215934304405366,0.22797181952553833,0.4446181308323251
255,R_OW_squareroot_firstorder_Mean,1229.80 ± 431.85,1246.60 ± 515.30,1212.59 ± 330.95,-0.3586972557600011,0.7208991194669068,0.8458594234754532
256,R_OW_logarithm_firstorder_90Percentile,2265.70 ± 220.97,2291.80 ± 246.26,2238.96 ± 191.03,-1.0937963316362413,0.27744999990910796,0.5049245339960785
257,R_OW_logarithm_firstorder_Maximum,2331.38 ± 181.50,2360.88 ± 193.82,2301.16 ± 164.86,-1.5134560844698008,0.13412831457350818,0.34467274233497913
258,R_OW_gradient_firstorder_90Percentile,1353.22 ± 310.04,1326.45 ± 315.97,1380.65 ± 305.29,0.7947950985810175,0.42905561558953575,0.6416971987619664
259,R_OW_gradient_firstorder_MeanAbsoluteDeviation,281.81 ± 139.39,272.87 ± 147.16,290.97 ± 132.16,0.5896823973583776,0.5570561534863405,0.7418975135068081
260,R_OW_gradient_firstorder_Mean,1043.71 ± 255.61,1015.71 ± 217.53,1072.38 ± 289.44,1.0065376718946923,0.3174260484627314,0.5407315825556995
261,R_OW_gradient_firstorder_Range,782.71 ± 433.32,782.35 ± 472.51,783.07 ± 395.06,0.0074926901949863844,0.9940406084064033,0.9974448570653294
262,R_OW_log-sigma-1-0-mm-3D_firstorder_10Percentile,-180.97 ± 204.74,-209.87 ± 237.09,-151.36 ± 162.90,1.3128521646577198,0.1933566803883567,0.4116888146319295
263,R_OW_log-sigma-1-0-mm-3D_firstorder_90Percentile,199.54 ± 175.14,214.35 ± 201.55,184.36 ± 144.14,-0.7810481332789228,0.4372554718107514,0.6446628004877476
264,R_OW_log-sigma-1-0-mm-3D_firstorder_MeanAbsoluteDeviation,176.73 ± 84.04,195.61 ± 85.48,157.38 ± 78.92,-2.117696398470282,0.03727685276351342,0.16087285705320517
265,R_OW_log-sigma-1-0-mm-3D_firstorder_Mean,6.28 ± 167.77,-0.47 ± 201.86,13.20 ± 125.85,0.3711411588705171,0.7116704133506171,0.8458594234754532
266,R_OW_log-sigma-1-0-mm-3D_firstorder_Range,475.97 ± 252.82,530.61 ± 258.26,420.00 ± 237.32,-2.0325409201823508,0.04538736766397806,0.17625537694215226
267,R_OW_log-sigma-2-0-mm-3D_firstorder_10Percentile,193.98 ± 129.33,184.05 ± 127.68,204.14 ± 131.80,0.7050512929797401,0.4828072050631067,0.6641432445234284
268,R_OW_log-sigma-3-0-mm-3D_firstorder_10Percentile,116.95 ± 145.60,111.51 ± 150.58,122.52 ± 141.97,0.3426463900665166,0.73275314277047,0.8490095479457092
269,R_OW_log-sigma-3-0-mm-3D_firstorder_90Percentile,325.11 ± 144.19,323.61 ± 147.97,326.64 ± 142.02,0.09508231663759005,0.924484339677087,0.9605457855510159
270,R_OW_wavelet-LLH_firstorder_90Percentile,854.03 ± 550.47,930.17 ± 497.69,776.02 ± 595.80,-1.2777563840671158,0.20513370390172656,0.42627074640571544
271,R_OW_wavelet-LHL_firstorder_10Percentile,-239.97 ± 393.05,-263.76 ± 425.00,-215.61 ± 361.07,0.5566827692229668,0.579307986805621,0.7636029735394947
272,R_OW_wavelet-LHL_firstorder_Mean,65.26 ± 281.58,52.02 ± 308.70,78.83 ± 253.94,0.43262681482290466,0.6664683270907372,0.8203869575891054
273,R_OW_wavelet-LHL_firstorder_Skewness,-0.01 ± 0.52,0.07 ± 0.51,-0.09 ± 0.53,-1.3872820379769568,0.1691761376073505,0.3965488665516296
274,R_OW_wavelet-LHH_firstorder_10Percentile,-253.13 ± 236.37,-254.36 ± 226.44,-251.86 ± 248.95,0.04782173839664177,0.9619776846310819,0.971929177920369
275,R_OW_wavelet-LHH_firstorder_90Percentile,322.89 ± 236.02,318.53 ± 205.09,327.36 ± 266.55,0.1689794574727011,0.8662670083782215,0.9196240342565901
276,R_OW_wavelet-HLL_firstorder_10Percentile,305.20 ± 574.95,369.42 ± 611.10,239.41 ± 534.90,-1.03197008058069,0.3051934593482257,0.5284858262807952
277,R_OW_wavelet-HLL_firstorder_90Percentile,1231.55 ± 509.98,1302.13 ± 473.89,1159.25 ± 540.73,-1.2790292890351698,0.20462670723669402,0.42627074640571544
278,R_OW_wavelet-HLL_firstorder_Mean,783.81 ± 458.43,855.57 ± 443.04,710.30 ± 467.63,-1.4522222226165744,0.15032614210015016,0.3716994062636233
279,R_OW_wavelet-HLH_firstorder_10Percentile,-128.18 ± 320.20,-144.29 ± 283.07,-111.67 ± 357.08,0.46040802381719514,0.6465351533728623,0.8075613177088529
280,R_OW_wavelet-HLH_firstorder_90Percentile,559.58 ± 405.48,570.34 ± 385.45,548.56 ± 429.55,-0.24291695372666228,0.8086945201845843,0.8928535391544974
281,R_OW_wavelet-HLH_firstorder_Mean,218.80 ± 283.14,219.26 ± 265.30,218.32 ± 303.66,-0.014896510453856558,0.9881522923087591,0.9949437169981664
282,R_OW_wavelet-HHL_firstorder_10Percentile,-443.27 ± 336.81,-469.59 ± 340.12,-416.32 ± 335.42,0.718363865923603,0.47460023381869787,0.6590420308477652
283,R_OW_wavelet-HHL_firstorder_90Percentile,274.81 ± 402.81,269.32 ± 391.45,280.43 ± 418.93,0.12469195347249355,0.9010789796644507,0.942914789434586
284,R_OW_wavelet-HHL_firstorder_Mean,-80.35 ± 299.36,-92.24 ± 292.14,-68.17 ± 309.74,0.3641350469747241,0.7167124774354046,0.8458594234754532
285,R_OW_wavelet-LLL_firstorder_10Percentile,463.15 ± 427.52,450.11 ± 489.14,476.51 ± 359.28,0.28068225967012095,0.7797241278539675,0.8719815628290553
286,R_OW_wavelet-LLL_firstorder_90Percentile,1475.38 ± 559.71,1510.63 ± 599.83,1439.27 ± 520.37,-0.5792999567734486,0.5640164123832931,0.7477683657389361
287,R_OW_wavelet-LLL_firstorder_MeanAbsoluteDeviation,469.42 ± 226.96,488.47 ± 214.94,449.91 ± 239.73,-0.7708637358952276,0.4430700350292809,0.6458682600178075
288,R_OW_wavelet-LLL_firstorder_Mean,966.62 ± 424.75,974.08 ± 485.74,958.99 ± 357.61,-0.16143336163800948,0.8721841293296603,0.9225629960057418
289,R_OW_wavelet-LLL_glcm_JointAverage,40.58 ± 20.58,41.93 ± 21.45,39.13 ± 19.77,-0.6120564735234746,0.5422580621345117,0.7254868137233421
290,R_OW_lbp-3D-m1_firstorder_Mean,6.15 ± 2.45,5.87 ± 2.50,6.43 ± 2.40,1.0468624213625108,0.2982777400381466,0.5233256157555506
291,R_OW_lbp-3D-m1_glszm_SmallAreaLowGrayLevelEmphasis,0.37 ± 0.14,0.35 ± 0.14,0.39 ± 0.14,1.239985117226581,0.2185678915689938,0.44165787744631163
292,R_OW_lbp-3D-m2_firstorder_MeanAbsoluteDeviation,2.48 ± 1.31,2.55 ± 1.40,2.41 ± 1.23,-0.5006248709178459,0.6180088739469607,0.7872895655063455
